age,height,weight
-1.498537298530711,-1.498537298530705,-1.414213562373095
1.311220136214371,0.0,1.414213562373095
0.18731716231633813,1.311220136214377,0.0
0.0,0.18731716231634413,0.0
